{"cameraMode":{"drawMode":0,"name":"Shaded","section":"Shading Mode"},"sceneLighting":true,"audioPlay":false,"sceneViewState":{"m_AlwaysRefresh":false,"showFog":true,"showSkybox":true,"showFlares":true,"showImageEffects":true,"showParticleSystems":true,"showVisualEffectGraphs":true,"m_FxEnabled":true},"in2DMode":false,"pivot":{"x":-0.01871967315673828,"y":0.9337887763977051,"z":1.8007383346557618},"rotation":{"x":0.06600426137447357,"y":-0.9270896315574646,"z":0.3128970265388489,"w":0.19556601345539094},"size":5.336186408996582,"orthographic":true}